time,latitude,longitude,depth,mag,magType,nst,gap,dmin,rms,net,id,updated,place,type,horizontalError,depthError,magError,magNst,status,locationSource,magSource
2026-09-11T02:56:38.786Z,58.987,-152.6,61,2.9,ml,123,86,0.4,0.7,ak,aka2026rznkxu,2026-09-11T03:03:57.919Z,"56 km SW of Nanwalek, Alaska",earthquake,2.6,2.291,0.1,90,automatic,ak,ak
2026-09-11T02:28:13.071Z,-18.9259,169.3953,18.748,4.9,mb,28,105,4.096,0.55,us,us7000tgij,2026-09-11T02:44:52.040Z,"69 km N of Isangel, Vanuatu",earthquake,9.85,5.094,0.129,19,reviewed,us,us
2026-09-11T00:53:48.954Z,-0.3309,120.2972,10,4.4,mb,24,132,4.684,1.3,us,us7000tgi9,2026-09-11T02:11:46.040Z,"79 km NE of Palu, Indonesia",earthquake,11.21,1.917,0.12,20,reviewed,us,us
2026-09-10T23:03:42.410Z,38.789001464844,-122.75900268555,0.5,2.53,md,56,50,0.01162,0.07,nc,nc75433382,2026-09-11T01:37:21.703Z,"1 km N of The Geysers, CA",earthquake,0.15,0.219999999,0.17,67,automatic,nc,nc
2026-09-10T23:03:10.729Z,65.211,-166.721,5,4,ml,48,205,0.9,1,ak,aka2026rzfqpv,2026-09-11T00:40:42.778Z,"8 km SE of Port Clarence, Alaska",earthquake,7.4,3.528,0.1,28,reviewed,ak,ak
2026-09-10T22:54:14.162Z,-13.3249,167.3321,49.877,4.9,mb,28,161,7.753,0.98,us,us7000tghk,2026-09-10T23:18:39.040Z,"65 km NNW of Sola, Vanuatu",earthquake,15.61,6.246,0.136,17,reviewed,us,us
2026-09-10T21:25:18.969Z,63.249,-150.502,127,2.6,ml,81,28,0.7,0.7,ak,aka2026rzcjwo,2026-09-10T21:35:18.040Z,"69 km ESE of Denali National Park, Alaska",earthquake,2.5,2.6576,0.3,51,automatic,ak,ak
2026-09-10T21:14:01.954Z,51.6792,178.5833,100.086,4,mb,35,169,0.253,0.83,us,us7000tghu,2026-09-10T23:55:03.040Z,"Rat Islands, Aleutian Islands, Alaska",earthquake,6.73,5.39,0.125,17,reviewed,us,us
2026-09-10T20:36:38.680Z,38.862167358398,-122.82583618164,3.8599998950958,3.15,ml,15,149,0.09465,0.04,nc,nc75433297,2026-09-11T00:46:49.961Z,"10 km WNW of Cobb, CA",earthquake,0.29,2.05999994,0.182,15,automatic,nc,nc
2026-09-10T20:36:17.230Z,38.849666595459,-122.83083343506,5.1100001335144,2.97,ml,29,42,0.08171,0.15,nc,nc75433302,2026-09-11T00:45:42.563Z,"10 km WNW of Cobb, CA",earthquake,0.32,0.860000014,0.294,13,automatic,nc,nc
2026-09-10T18:44:40.243Z,-8.5914,127.7505,10,5.3,mb,70,39,5.376,1.47,us,us7000tgf2,2026-09-10T19:04:20.040Z,"83 km E of Lospalos, Timor Leste",earthquake,6.75,1.864,0.059,97,reviewed,us,us
2026-09-10T18:21:18.934Z,-34.8341,-109.1514,10,5.4,mww,90,51,20.555,0.45,us,us7000tgey,2026-09-10T20:31:21.259Z,"southern East Pacific Rise",earthquake,12.9,1.825,0.086,13,reviewed,us,us
2026-09-10T18:08:48.933Z,33.3321,35.3544,10,4.1,mb,26,128,1.264,0.8,us,us7000tgev,2026-09-10T18:38:54.040Z,"13 km WSW of Nabatîyé et Tahta, Lebanon",earthquake,7.05,1.939,0.15,14,reviewed,us,us
2026-09-10T16:08:52.630Z,18.836333333333,-64.8395,75.6,2.89,md,4,270,0.4632,0.07,pr,pr71531293,2026-09-10T16:30:45.350Z,"55 km N of Charlotte Amalie, U.S. Virgin Islands",earthquake,7.63,5.37,0.050999834626182,3,reviewed,pr,pr
2026-09-10T15:25:32.322Z,56.211,-156.515,6.3,2.6,ml,34,180,1.1,0.5,ak,aka2026ryqjte,2026-09-10T15:29:17.641Z,"117 km E of Chignik, Alaska",earthquake,7,3.0041,0.1,24,automatic,ak,ak
2026-09-10T14:50:21.045Z,51.681,179.948,89.2,2.8,ml,18,147,0.3,0.5,ak,aka2026rypfeh,2026-09-10T16:01:14.641Z,"236 km W of Adak, Alaska",earthquake,14.2,4.3511,0.2,12,reviewed,ak,ak
2026-09-10T13:29:03.015Z,14.0976,-92.8815,10,4.5,mb,33,210,2.287,1.27,us,us7000tgb4,2026-09-10T14:12:37.040Z,"84 km SW of Puerto Madero, Mexico",earthquake,7.27,1.984,0.051,112,reviewed,us,us
2026-09-10T13:28:15.798Z,12.0265,143.8739,10,5.1,mww,66,53,3.693,0.95,us,us7000tgb6,2026-09-11T01:38:19.139Z,"162 km SSW of Merizo Village, Guam",earthquake,8.96,1.874,0.098,10,reviewed,us,us
2026-09-10T12:05:53.736Z,-17.8933,-65.8339,372.617,4.8,mb,83,35,1.803,1.25,us,us7000tga8,2026-09-10T12:22:14.040Z,"35 km SSE of Cliza, Bolivia",earthquake,8.7,7.423,0.026,472,reviewed,us,us
2026-09-10T10:39:36.283Z,-3.9669,-77.3635,22.065,4.7,mb,42,102,2.408,1.26,us,us7000tg9q,2026-09-10T11:11:48.486Z,"116 km WSW of Alianza Cristiana, Peru",earthquake,6.28,5.907,0.054,105,reviewed,us,us
2026-09-10T09:48:30.490Z,18.490333333333,-64.304833333333,58.93,3.16,md,4,347,0.09256,0.06,pr,pr71531273,2026-09-10T10:28:54.110Z,"54 km ENE of Cruz Bay, U.S. Virgin Islands",earthquake,7.16,0.56,0.11503651488081,4,reviewed,pr,pr
2026-09-10T09:42:57.330Z,28.678,-98.939,6.8297,3.1,ml,46,67,0.2,0.4,tx,tx2026rviiec,2026-09-10T13:58:28.817Z,"22 km E of Dilley, Texas",earthquake,0.96564083858799,0.67139462515247,0.1,32,reviewed,tx,tx
2026-09-10T08:59:02.648Z,57.842,-153.446,51.6,2.5,ml,47,146,0.5,0.6,ak,aka2026rydmqp,2026-09-10T09:02:17.462Z,"33 km W of Port Lions, Alaska",earthquake,4.7,4.4467,0.2,31,automatic,ak,ak
2026-09-10T08:26:53.828Z,9.0275,-84.0624,10,5,mww,67,142,0.84,1.26,us,us7000tg98,2026-09-10T17:44:47.537Z,"45 km SSE of Quepos, Costa Rica",earthquake,4.81,1.874,0.075,17,reviewed,us,us
2026-09-10T07:06:16.984Z,56.267,-149.645,5,3.1,ml,23,256,2.2,1.5,ak,aka2026rxzths,2026-09-10T15:24:05.012Z,"219 km SE of Chiniak, Alaska",earthquake,8.4,0,0.1,14,reviewed,ak,ak
2026-09-10T06:42:40.393Z,-3.873,-77.5027,10,5.3,mww,66,101,2.241,0.74,us,us7000tg8v,2026-09-10T10:48:47.922Z,"126 km WSW of Alianza Cristiana, Peru",earthquake,3.45,1.881,0.089,12,reviewed,us,us
2026-09-10T06:08:47.841Z,14.1276,-93.1639,10,4.4,mb,33,203,2.36,0.92,us,us7000tg8p,2026-09-10T10:13:59.040Z,"103 km SW of Puerto Madero, Mexico",earthquake,11.23,1.981,0.045,143,reviewed,us,us
2026-09-10T05:18:08.805Z,62.506,-147.742,15.8,4.2,ml,223,15,0.5,1.2,ak,aka2026rxwdbw,2026-09-11T04:26:48.383Z,"66 km WNW of Lake Louise, Alaska",earthquake,1.3,1.776,0.2,147,reviewed,ak,ak
